{
  "course": {
    "externalSource": "FCC",
    "externalId": "01-responsive-web-design",
    "slug": "responsive-web-design",
    "title": "Responsive Web Design",
    "description": "Imported from freeCodeCamp",
    "level": "BEGINNER",
    "createdAt": "2026-02-22T00:00:00.000Z",
    "updatedAt": "2026-02-22T00:00:00.000Z"
  },
  "modules": [
    {
      "id": 1,
      "name": "Basic HTML and HTML5",
      "description": "Imported from freeCodeCamp",
      "orderIndex": 1,
      "assessmentId": "01-responsive-web-design:basic-html-and-html5",
      "submodules": []
    }
  ],
  "problemSets": [
    {
      "code": "01-responsive-web-design:basic-html-and-html5",
      "name": "Basic HTML and HTML5",
      "type": "PRACTICE",
      "description": "Imported from freeCodeCamp",
      "durationMinutes": 0
    }
  ],
  "problems": [
    {
      "id": 1,
      "externalSource": "FCC",
      "externalId": "5a23c84252665b21eecc7e7e",
      "code": "5a23c84252665b21eecc7e7e",
      "name": "Learn HTML by Building a Cat Photo App",
      "slug": "learn-html-by-building-a-cat-photo-app",
      "body": "FCC description...",
      "type": "CODING",
      "difficulty": "EASY",
      "author": "freeCodeCamp",
      "maxScore": 0,
      "tags": null,
      "mcqOptions": null,
      "codingConfig": {
        "challengeType": 0,
        "tests": [],
        "question": null,
        "solutions": []
      },
      "videoUrl": null,
      "editorialUrl": null,
      "createdAt": "2026-02-22T00:00:00.000Z",
      "updatedAt": "2026-02-22T00:00:00.000Z"
    }
  ],
  "problemSetItems": [
    {
      "id": 1,
      "problemSetCode": "01-responsive-web-design:basic-html-and-html5",
      "problemId": 1,
      "orderIndex": 1
    }
  ]
}
