[
    {
        "id": 101,
        "slug": "learn-java",
        "title": "Learn Java",
        "description": "Start your journey with java fundamentals.",
        "level": "Beginner",
        "isPracticePath": false,
        "timeToComplete": "4 weeks",
        "difficultyRange": "Easy",
        "rating": 4.6,
        "moduleIds": [1,2],
        "createdAt": "2026-02-18",
        "updatedAt": "2026-02-18"

    },
    {
        "id":102,
        "slug": "practice-java",
        "title": "Practice java",
        "description": "Practice Java programming concepts.",
        "level": "Beginner",
        "isPracticePath":true,
        "timeToComplete": "4 weeks",
        "difficultyRange": "Easy-Medium",
        "rating": 4.5,
        "moduleIds": [],
        "createdAt": "2026-02-18",
        "updatedAt": "2026-02-18"

    },
    {
        "id": 201,
        "slug": "java-problem-solving",
        "title": "Java Problem Solving",
        "description": "Improve algorithmic thinking using Java.",
        "level": "Intermediate",
        "isPracticePath": true,
        "timeToComplete": "8 weeks",
        "difficultyRange": "Medium",
        "rating": 4.7,
         "moduleIds": [3],
        "createdAt": "2026-02-18",
        "updatedAt": "2026-02-18"
    }
]