[
  {
    "id": 1,
    "code": "P1001",
    "name": "Sum of Two Numbers",
    "slug": "sum-of-two-numbers",
    "body": "Given two integers, return their sum.",
    "type": "coding",
    "difficulty": "Easy",
    "maxScore": 100,
    "editorialUrl": "https://example.com/editorial/p1001",
    "createdAt": "2026-02-19",
    "updatedAt": "2026-02-19"
  },
  {
    "id": 2,
    "code": "P2001",
    "name": "Array Rotation",
    "slug": "array-rotation",
    "body": "Rotate an array by k positions.",
    "type": "coding",
    "difficulty": "Medium",
    "maxScore": 150,
    "editorialUrl": "https://example.com/editorial/p2001",
    "createdAt": "2026-02-19",
    "updatedAt": "2026-02-19"
  }
]
