 [
            {
                "id": 1,
                "roadmapId": 1,
                "name": "Level 1 - Learn Java",
                "description": "Build foundational Java knowledge",
                "orderIndex": 1,
                "courseIds":[101]
            },
            {
                "id": 2,
                "roadmapId": 1,
                "name": "Level 2 - Beginner DSA",
                "description": "Learn problem solving and data structures",
                "orderIndex": 2,
                "courseIds": [102,201]
            }

        ]